# 主页重定向
/index.html /public/index.html 301

# 分类页面重定向
/learning /public/learning.html 301
/fitness /public/fitness.html 301
/life /public/life.html 301
/photography /public/photography.html 301
/about /public/about.html 301
/admin /public/admin.html 301

# 调试页面重定向
/debug /public/comprehensive-debug.html 301
/test /public/test-api.html 301
/sync-test /public/sync-test.html 301