# Direct redirects to /public/ URLs (for production)
/learning https://blog.awlayswm.com/public/learning 302
/fitness https://blog.awlayswm.com/public/fitness 302
/life https://blog.awlayswm.com/public/life 302
/photography https://blog.awlayswm.com/public/photography 302
/about https://blog.awlayswm.com/public/about 302
/admin https://blog.awlayswm.com/public/admin 302

# Serve HTML files for /public/ paths
/public/learning /learning.html 200
/public/fitness /fitness.html 200
/public/life /life.html 200
/public/photography /photography.html 200
/public/about /about.html 200
/public/admin /admin.html 200
/public/ /index.html 200

# Root path
/ /index.html 200

# 404 fallback
/* /404.html 404